param_id,realisation,JSD
3,1,0.0004325810519036047
3,2,0.0007310852483662378
3,3,0.0013893600844601377
3,4,0.0028263899563365892
3,5,0.0010978698287121762
3,6,0.0005029166352210314
3,7,0.00042743843017055254
3,8,0.0025740740806063696
3,9,0.00044528152883553565
3,10,0.0003051781718601828
